{"_runtime":0,"acc":0.800037501305169,"loss":0.14335077479083458,"_timestamp":1.7696156469090135e+09,"_step":7,"_wandb":{"runtime":0}}